Workbook

Sheet README
A1: Coding workbook: Can fencers read their own ratings? (FencingStatsNZ user study)
A2: Version 1.0, 2026-09-23. Companion to CODEBOOK.md and the protocol. One workbook for the whole study.
A4: Sheets
A5: Participants | B5: One row per session. Descriptors, session conditions, protocol deviations.
A6: TaskLog | B6: One row per task episode. Success, hint, SEQ, deciding criterion. Duration is a formula.
A7: Comprehension | B7: C1 to C3 (0 to 2 each, total is a formula) plus T7 Q1/Q2 scored separately.
A8: Interpretation | B8: RQ1 rating-interpretation codes for intro Q5, T1 unprompted, debrief Q1.
A9: Trust | B9: T7 before/after (direction is a formula) with reasoning.
A10: SUS | B10: 10 item responses; score is a formula (blank until all 10 are entered).
A11: Observations | B11: One row per code. The long table everything else is built from.
A12: Issues | B12: Consolidated after the last session. n and severity are formulas from the participant list and impact letter.
A13: Wager_unlinked | B13: T5 wager answers with no participant code, per protocol section 4/7.
A14: Codebook | B14: Code list with a live count of how often each code has been used.
A15: Severity | B15: The 0 to 4 rule, fixed before data collection.
A17: Empty template for the repo. Row 2 of each sheet holds the formulas; fill down as you add rows.
A18: Times are entered as h:mm:ss from the start of the recording (e.g. 0:06:06).

Sheet Participants
A1: P | B1: Session date | C1: Pilot? | D1: Competitive level | E1: Age category | F1: Weapon | G1: Gender | H1: Region | I1: Rating vs FeNZ | J1: Selector? | K1: Prior site use | L1: Device | M1: T3 bracket used | N1: T4 competition used | O1: Signed in at T6 start? | P1: Session length (min) | Q1: Protocol deviations | R1: Notes

Sheet TaskLog
A1: P | B1: Task | C1: Start | D1: End | E1: Duration (s) | F1: Hint (N/H1/H2) | G1: Success | H1: Deciding criterion | I1: SEQ (1-7) | J1: Condition notes
E2: =IF(OR(C2="",D2=""),"",ROUND((D2-C2)*86400,0))

Sheet Comprehension
A1: P | B1: C1 range (0-2) | C1: C2 line/sweep (0-2) | D1: C3 prediction (0-2) | E1: Total (0-6) | F1: T7 Q1 (0-2) | G1: T7 Q2 (0-2) | H1: Evidence / notes
E2: =IF(COUNT(B2:D2)<3,"",SUM(B2:D2))

Sheet Interpretation
A1: P | B1: Intro Q5 codes | C1: Intro Q5 quote | D1: T1 unprompted codes | E1: T1 unprompted quote | F1: Debrief Q1 codes | G1: Debrief Q1 quote | H1: Note

Sheet Trust
A1: P | B1: T7 before (1-7) | C1: T7 after (1-7) | D1: Direction | E1: Reasoning (quote) | F1: Notes
D2: =IF(OR(B2="",C2=""),"",IF(C2>B2,"up",IF(C2<B2,"down","same")))

Sheet SUS
A1: P | B1: Item 1 | C1: Item 2 | D1: Item 3 | E1: Item 4 | F1: Item 5 | G1: Item 6 | H1: Item 7 | I1: Item 8 | J1: Item 9 | K1: Item 10 | L1: SUS score | M1: Notes
L2: =IF(COUNT(B2:K2)<10,"",2.5*((B2-1)+(5-C2)+(D2-1)+(5-E2)+(F2-1)+(5-G2)+(H2-1)+(5-I2)+(J2-1)+(5-K2)))

Sheet Observations
A1: obs_id | B1: P | C1: Task | D1: mm:ss | E1: Page / component | F1: Code | G1: Reason tag (TRUST) | H1: RQ | I1: Evidence (Said/Did) | J1: Quote (verbatim) | K1: Note | L1: issue_id

Sheet Issues
A1: issue_id | B1: Title | C1: Location | D1: RQ | E1: Cause | F1: Participants (comma-separated) | G1: n | H1: Impact (A/B/C) | I1: Severity (0-4) | J1: Evidence obs_ids | K1: v1.1 action
G2: =IF(F2="",0,LEN(F2)-LEN(SUBSTITUTE(F2,",",""))+1) -> 0 | I2: =IF(H2="A",IF(G2>=2,4,3),IF(H2="B",IF(G2>=3,3,2),IF(H2="C",1,0))) -> 0

Sheet Wager_unlinked
A1: Pairing type | B1: Wager answer (no participant code) | C1: Reasoning

Sheet Codebook
A1: Code | B1: Family | C1: Definition | D1: RQ | E1: Times used (all rows incl. pilot)
A2: MIS-RANGE | B2: MIS | C2: Wrong reading of the uncertainty range | D2: 1 | E2: =COUNTIF(Observations!$F:$F,A2) -> 0
A3: MIS-LOWEND | B3: MIS | C3: Treats headline as exact, or misplaces it in the range | D3: 1 | E3: =COUNTIF(Observations!$F:$F,A3) -> 0
A4: MIS-SPLIT | B4: MIS | C4: Wrong reading of the pool/DE split | D4: 2 | E4: =COUNTIF(Observations!$F:$F,A4) -> 0
A5: MIS-AGE | B5: MIS | C5: Takes All-ages ladder as the age-category list | D5: 3 | E5: =COUNTIF(Observations!$F:$F,A5) -> 0
A6: MIS-LINE | B6: MIS | C6: Wrong reading of line average | D6: 4 | E6: =COUNTIF(Observations!$F:$F,A6) -> 0
A7: MIS-SWEEP | B7: MIS | C7: Wrong reading of sweep odds | D7: 4 | E7: =COUNTIF(Observations!$F:$F,A7) -> 0
A8: MIS-PROB | B8: MIS | C8: Wrong reading of head-to-head probabilities | D8: 5 | E8: =COUNTIF(Observations!$F:$F,A8) -> 0
A9: MIS-CLUB | B9: MIS | C9: Wrong reading of club strength | D9: 6 | E9: =COUNTIF(Observations!$F:$F,A9) -> 0
A10: MIS-OTHER | B10: MIS | C10: Other misreading; quote it | D10: any | E10: =COUNTIF(Observations!$F:$F,A10) -> 0
A11: ABS-LOWEND | B11: ABS | C11: Low-end concept absent from unprompted account | D11: 1 | E11: =COUNTIF(Observations!$F:$F,A11) -> 0
A12: ABS-RANGE | B12: ABS | C12: Range/uncertainty absent from unprompted account | D12: 1 | E12: =COUNTIF(Observations!$F:$F,A12) -> 0
A13: ABS-SPLIT | B13: ABS | C13: Pool/DE split not consulted where designed to be | D13: 2 | E13: =COUNTIF(Observations!$F:$F,A13) -> 0
... A28: NOTE | B28: NOTE | C28: Substantive statement fitting no family | D28: any | E28: =COUNTIF(Observations!$F:$F,A28) -> 0

Sheet Severity
A1: Severity | B1: Rule
A2: 4 | B2: Impact A in two or more participants
A3: 3 | B3: Impact A in one participant, or impact B in three or more
A4: 2 | B4: Impact B in one or two participants
A5: 1 | B5: Impact C, any number of participants
A6: 0 | B6: Not a problem; works as designed
A8: Impact A | B8: Wrong conclusion about a core number, own standing, or a prediction; or task failed
A9: Impact B | B9: Delay, hint needed, or recoverable error or confusion
A10: Impact C | B10: Irritation, cosmetic, or a wish
A12: Rule fixed 2026-09-23 before main-sample data collection. Do not change mid-study; note tensions in the write-up.
